DocURL	DocID	SentID	LC	Match	RC	N2Num	N2Typ	N1Lemma	N1Pl	LE
http://www.geschichtsforum.de/f35/entstehung-und-autor-des-nibelungenlieds-9594	96beb779afc05748334ef2f8e510b46fae3f	29	Jedoch der zweite Teil des Liedes , der " Burgunderzug " mag Worms erwähnen , aber recht gut beschreiben ohne grausam rumrätseln zu müssen tut er alleine die Donaulande . - Zu deinem Ablauf der gegenseitigen	Liedabschriften	bzw. Nachformungen schreib ich gern noch . Ich jedenfalls sehe das Nibelungenlied , dieses als Ganzes , im ersten Teil aus der selben nord .	Pl	Ind	Lied	er	0
http://www.tamino-klassikforum.at/index.php?page=Thread%26threadID=13421%26s=f305e7af6bb50f0454a6d9be29038b1a2b3fc638	19217506a57f20c220fcca9f7864d37a3a4a	93	Das sind so meine Gedanken im Augenblick . Sie sind ganz konkret und direkt auch an mich selber gerichtet , denn ich zeichne in Sachen	Liedanalyse	in gewisser Wesie hier ja verantwortlich . Mag sein , dass diese Gedanken noch nicht so ganz ausgegoren sind .	Sg	Ind	Lied	er	0
http://www.radio-lotte.de/2003_stadtsound_herder	8dac3209f76c9bfd4032d4a1156edee913d4	12	Alle Alterstufen und sozialen Schichten sind dazu aufgerufen , ein Lied für die Sammlung vorzutragen . Weitere Aktionen im öffentlichen Raum sind bis Ende Juni geplant , unter anderem werden	Liedanfänge	in verschiedenen Weimarer Cafés auftauchen und so den einen oder anderen Ohrwurm verursachen . ( Text : ACC Weimar , Quelle : Internet ) Radio-Promo Aus dem Projekt Interview Aus der Beitragsreihe zur Volksmusik : Der Odenwälder Shantychor : Die seefahrerische Tradition des Odenwaldes Interview mit dem Odenwalder Shantychor " What shall we do " Odenwalder Shantychor Radio-Präsentation des " Grand Prix de la Aerovision " Eine Veranstaltung des " Haus für Soziokultur Gerberstraße 3 e.V. " Wissenschaftliche Begleitung ein Medienforschungsprojekt der Uni Jena Auszug aus " LOTTE unter der Lupe " : ' In einer Fortsetzung der Zusammenarbeit stehen die Studien im laufenden Semester ganz unter dem Motto des Projektes " Stadtsound " , das von der Kulturstiftung des Bundes gefördert wird .	Pl	Ind	Lied	er	0
http://www.q-world.de/service/keywords/quizfragen-zum-thema/keywords/C/1/3/Carl/no_cache.html	10a4ae1e22c21b5c67dbdb302f391f841a66	119	Erklärung : Die " Carmina Burana " wurden 1937 von Carl Orff komponiert . Das Chorwerk basiert teilweise auf einer 1803 im Kloster Benediktbeuern gefundenen Handschrift von mittellateinischen , deutschen und deutsch-lateinischen Liedern und	Liedanfängen	der mittelalterlichen Vagantendichtung . Mehr Informationen zum Thema finden Sie bei wissen.de : Carmina Burana » Wer komponierte die " Carmina Burana " ?	Pl	Ind	Lied	er	0
http://www.kirchenmusik-buchloe.de/archiv.htm	a32c13b6800cefcb6a3383cbddd2819253f6	8	Herzlichen Dank auch an eine Buchloer Grafikfirma , die den Entwurf sowie den Druck der Plakate vollständig gesponsert hat . Die Spenden werden für ein eigenes Mikrofon für den Organisten sowie einen notwendigen Orgelnotenschrank - und auf längere Sicht hin auch für einen elektronischen	Liedanzeiger	- verwendet . Das Bild zeigt Thorsten Schmehr bei der Spendenübergabe an Karl Kutter , Hausverwalter Haus der Begegnung und Gesamtkirchenpfleger der Pfarreiengemeinschaft Buchloe .	Sg	Ind	Lied	er	0
http://always-friends.de/forum/archive/506/4/thread.html	95cbd736959240e8bd450321d2eb5af71be3	23	PS @ Carrie : Du hattest übrigens tatsächlich recht . Danke nochmal ! ChandlerBing schrieb : Ein bisschen Googlen nach den erkannten Textzeilen " if you want it " " come and get it " " crying out loud " legte den Song So machs ich eigentlich auch immer , aber bei diesem	Liedausschnitt	hab ich einfach keine verwertbaren Textzeilen rausgehört . Aber danke dir .	Sg	Ind	Lied	er	0
http://www.gehirngerechtes-gesangstraining.de/vid_anf.php	a140779255c8477ab7e8c96e0c54d870ba96	31	Wo liegt meine Grenze im Stimmmaterial ?	Liedauswahl	Welche Liedauswahl ist für mich richtig ? Erfolg Was macht eine(n) erfolgreiche(n) Sänger(in) aus ?	Sg	Coll	Lied	er	0
http://www.lehrer.uni-karlsruhe.de/%7Eza874/homepage/minnesang.htm	13211ef1d9cedc3b8020a651b6802fe92d52	76	In einer Reihe von Liedern Weltabsage . Erfolgreichster	Liedautor	des dt. Mittelalters . * um 1200 / 10 , + 26.1.1275 ; Grabstätte : Chorherrenstift Seckau , Johanneskapelle .	Sg	Ind	Lied	er	0
http://www.deutsche-biographie.de/xsfz5583.html	50c49695a1ff058a4642e517d66cf070d327	8	- B.s Schaffen ist von →Ludwig Senfl und den so genannten " Heidelbergern " ( → Caspar Othmayr , Georg Forster , →Lorenz Lemlin ) beeinflußt . Er pflegte vor allem die	Liedbearbeitung	. Besonders in seinen lutherischen Choralsätzen zeigt er sich als Meister des Kontrapunktes .	Sg	Ind	Lied	er	0
http://www.mh-trossingen.de/aktuelles/meldung/artikel/vis-a-vis-13-februar-chanson-abend-mit-prof-alexandra-coku-und-prof-peter-nelson.html?PHPSESSID=f5146d94f10727c5cbfd2997e0b23e28	e0fee84aa842ad9c3f4b07541172078bdcb8	35	" Da wusste ich , was ich wollte " , beschreibt er seine Selbstfindung , " die Partnerschaft mit der menschlichen Stimme . " Peter Nelson entwickelte sich zu einem international gefragten	Liedbegleiter	und engagierte sich zugleich pädagogisch 18 Jahre lang war er Dozent an den Musikhochschulen in Mannheim und Karlsruhe , bis er 2004 einem Ruf nach Trossingen als Professor für Liedgestaltung folgte . " Am Klavier mitatmen , sich der Stimme anpassen und sie tragen " , fasst er die pianistischen Voraussetzungen für eine klangliche Einheit zusammen .	Sg	Ind	Lied	er	0
http://www.alternobis.de/fdkalender/rezensionen/rez_720915_berlin.htm	d5ae16f0fe13358435d06b2322662b335f3d	53	Es entfaltete keine konzentrierte , durchgehende Kraft . Es pickte sich aus Vor - und Nachspielen die Brosamen zusammen , aus denen sich sonst nur die Minderen der Professionals unter den	Liedbegleitern	ihren Erfolg backen . Dabei ist Fischer-Dieskaus Kunst beinahe stärker als die anderer unsensiblerer Liedersänger auf ein kraftvolles Zuspiel angewiesen .	Pl	Ind	Lied	er	0
http://www.alte-maenner-braucht-das-land.de	b52c1d96a8e1b516657da69b93b7b7ceef91	29	geb. in Basel und aufgewachsen in Bonn . Die klassische	Liedbegleitung	ist seine Heimat , von der aus er weite Ausflüge in die Pop - und Chansonlandschaft unternimmt . Für die Sängerin Esther Fellner arrangierte er das erfolgreiche Album " Via del Campo " , erschienen 2007 auf CD und LP bei Meyer Records .	Sg	Ind	Lied	er	0
http://www.ops-freiberg.de/aktuell.0.html?%26no_cache=1%26tx_ttnews%5Bpointer%5D=3%26tx_ttnews%5BbackPid%5D=39%26tx_ttnews%5Btt_news%5D=92	08c900830085ef3ded47de6298a6034d2cac	13	Deshalb solle der Erwerb von sozialen Kompetenzen ein Schulfach werden , das versetzungsrelevant ist . Nach dem Vortrag kam dann ein hervorragender	Liedbeitrag	der Schülerin Sarah Reiser , Klasse 11 c und in der anschließenden Fragerunde an Frau Mayer war eine rege Beteiligung zu beobachten . Zum Schluss überreichte noch Frau Claudia Große vom Forum für Kinder - und Jugendschutz einen Spendenscheck in Höhe von 250 € an Frau Mayer .	Sg	Ind	Lied	er	0
http://www.liedertafel-hockenheim.de/Info.html	582cc2cf3a9f529db74ccb13cea0aee8b543	101	Zunächst traten die langjährigen Sangesfreunde vom MGV Wiesental in Aktion und erfreuten die Besucher mit einem bunten Strauß von Melodien . Erneut zu Gast bei der Liedertafel war der Chor " Fine Art Music " aus Ketsch , der mit seinen schwungvollen	Liedbeiträgen	die Gästeschar zu erfreuen wusste und nicht ohne Zugabe die Bühne verlassen durfte . Den Abschluss des musikalischen Programms bildeten die Chöre des Gastgebers , die mit ihrem Kinder - , Teenie - , Frauen - und Männerchor ihren Gästen eine breite Palette der Chormusik darboten .	Pl	Ind	Lied	er	0
http://www.volksliedsammlung.de/e-mariadur.html	ab307f4594ca86b7b8b8cf1af4667c16cb5c	35	I. Ursprünglich handelt es sich um ein regionales Wallfahrtslied , das Mitte des 19. Jahrhunderts im Eichsfeld ( Thüringen ) und im Bistum Paderborn verbreitet war . Der früheste bekannte	Liedbeleg	( mit sieben Strophen ) ist ein Druck aus dem Jahr 1850 ( Edition A ) . Hier wird das Motiv vom Kind , das durch den Wald getragen wird , kombiniert mit dem Motiv von der Taufe Jesu .	Sg	Ind	Lied	er	0
http://www.ciao.de/Mitglied__stefanpoehner_338002	d434c5f6f064a9a3cd7df4198be0565535ca	37	Nachdem Napster nun seit einiger Zeit für viele ein Begriff ist , und sich das Programm so langsam als die MP 3 - Suchmaschine überhaupt durchsetzt , kann man nun wohl sagen , dass du dort einfach jedes Lied findest . Vor allem auch deswegen , weil sich viele User an den eingebürgerten Standart der	Liedbenennung	halten . Egal welches Lied ich eingebe , die Liste mit den 100 Ergebnissen ist fast immer voll und nie leer .	Sg	Ind	Lied	er	0
http://www.tamino-klassikforum.at/index.php?page=Thread%26threadID=1210%26pageNo=2%26s=f305e7af6bb50f0454a6d9be29038b1a2b3fc638	909faa9b6648b334d59168334d199617d716	208	Wenn hart sagt : " In diesem Falle schätze ich die literarische " Nachhilfe " man hört anders mit etwas Hintergrundwissen " , so freut man sich natürlich zunächst einmal darüber . Dann aber wird man nachdenklich , weil das im Umkehrschluss natürlich heißt , dass bei	Liedbesprechungen	das Eingehen auf den lyrischen Text in der Regel dem Leser wenig bringt . Nun lasse ich ja nicht deshalb auf die jeweiligen Gedichte ein , weil ich jemanden hier belehren will .	Pl	Ind	Lied	er	0
http://www.tamino-klassikforum.at/index.php?page=Thread%26threadID=1210%26pageNo=2%26s=f305e7af6bb50f0454a6d9be29038b1a2b3fc638	909faa9b6648b334d59168334d199617d716	72	Aber vielleicht hat es gerade deshalb nicht ganz dessen kompositorische Größe erreicht . hart Posts : 1,159 Date of registration : Dec 7 th 2009 35 Sunday , July 24 th 2011 , 6:19pm Der Zwerg - eine musikalisch-romantische Kurzgeschichte von Liebe , Eifersucht , Hass und Tod Der Zwerg , D 771 ist wahrscheinlich um die Wende 1822 / 23 entstanden , schreibt Dietrich Fischer-Dieskau und widmet dieser	Liedbetrachtung	immerhin fünf Seiten in seinem Buch Auf den Spuren der Schubertlieder . Oft wird diese Musik in die Nähe Beethovens gerückt , aber Fischer-Dieskau sagt : " Beethovens Schicksalsmotiv , wie es vor allem für die 5. Symphonie klassifiziert wurde , geistert durch die Begleitung , ist aber hier ganz Schuberts Eigentum .	Sg	Ind	Lied	er	0
http://www.sankt-josef-koblenz.de/_seelsorge/_Eheschliessung.htm	7f4aa402901a478ad20aa748f119a6162999	42	Es ist natürlich möglich , moderne , rhythmische Lieder zu wählen . Zu überlegen ist , ob Sie ein	Liedblatt	oder - heft zusammenstellen wollen , in dem Lieder und weitere Texte abgedruckt sind . Das Vermählungswort Das Vermählungswort ist der Kern der Hochzeitsliturgie .	Sg	Ind	Lied	er	0
http://www.rikes-seite.de/material/anspiele/struselotte/dritter_advent.html	af844515d34ea998289057b2d398daa48b87	7	Sie sind aber sicher noch zu bekommen und können mit üblichen Windows-Werkzeugen bearbeitet werden . Da es in der Kirche zu dunkel war für	Liedblätter	haben wir die Texte ebenfalls projiziert . Die Geschichte von Hieronymus wurde einem Buch entnommen , dessen Titel ich mich leider nun gar nicht mehr entsinnen kann .	Pl	Ind	Lied	er	0
http://www.predigtpreis.de/predigtdatenbank/newsletter/article/predigt-ueber-johannes-647-51-1.html	180070f6341fba2f0517832fb60efabe155c	73	Martin Luther würde sagen : Solus Christus . Auf der Rückseite Ihres	Liedblattes	hat der Maler Lucas Cranach das dargestellt ( Predella des Altars der Stadtkirche zu Wittenberg , 1547 ) . Wir haben in der Kirche Christus , den Gekreuzigten und Auferstandenen zu verkünden .	Sg	Ind	Lied	er	0
http://www.moeseler-verlag.de/textfiles/katalogalt.html	f342d72ebdd1e10ded1a6e6254671260a1ce	1870	M 92.913 Otto Roy : Die Fuge . M 92.914 Hans Fischer : Vom Bicinium zum	Liedduett	. M 92.915 Hans Sabel : Die liturgischen Gesänge der katholischen Kirche .	Sg	Ind	Lied	er	0
http://www.cara-marketing.de/grossanzeigen.htm	eb021b4e9f213820b3b41a1dcb7a316a216d	12	Elektronischer Kirchenliedanzeiger Der Liedanzeiger hilft den Kirchenbesuchern das entsprechende Kirchenlied im Gesangbuch zu finden . Mit Hilfe des Liedspeichers kann die	Liedfolge	des gesamten Gottesdienst eingegeben und einzeln abgerufen werden . Produktinformation lesen Besuchen Sie die Produktinformationen der WIBOND Informationssysteme GmbH : uriblank Zurück zur News Übersicht © cara Service GmbH 26. Mountain to Surf Marathon New Plymouth ( 5.3.2005 ) Vom Vulkan zur Brandung Die Neuseeländer sind ein ziemlich sportbegeistertes Volk .	Sg	Coll	Lied	er	0
http://www.electrictunes.de/2010/10/nichts-fur-luschen-killing-joke-im-luxor_001265.html	6c2c5cdeade48942146871b7548151d42f51	9	Mit weit aufgerissenen Augen , ausufernder Gestik und wilder Mimik unterstreicht er fast schon dämonisch seine harschen Thesen und Meinungen . Kein Sänger wie andere , vielmehr jemand , der seinen lautstarken Protest in	Liedform	packt . Ein bizarrer Magier der Worte über den humanen Irrwitz .	Sg	Ind	Lied	er	0
http://www.volksbuehne-berlin.de/praxis/konzert_ljodahatt/?PHPSESSID=48ebbbf5b08c8bb99c630c13e6393d07	1ecdb0ea19f5f1a2662402079136d5892b85	11	Zusammen haben sie Texte aus Norwegen vertont - von der Edda bis Ibsen , bis zu Tarjei Vesaas und Olav H. Hauge . Auch in der Musik begegnen traditionelle nordische	Liedformen	neuen Stilen wie Folk oder Rock ' n ' Roll . Für das Release-Konzert der ersten Ljodahått-CD hat Magne die Volksbühne , sein künstlerisches Zuhause , gewählt .	Pl	Ind	Lied	er	0
http://www.roehrig-verlag.de/shop_detail/10211.html	d8b40da8850442ba360b9fea5f1a6f210ed4	1	Deutsche Bank AG Deutsche Guggenheim Heraeus Kulzer GmbH T-Online AG in 2 movies GmbH Fraport AG Deutsche Post AG Neckermann AG Ferrero GmbH und andere ... Start Programm Bücher bestellen Rezensionen Presse Verlag Kontakt Infos & Service AGB + Widerrufsbelehrung Warenkorb Pressemitteilungen Presseverteiler Suche Hilfe alle Neuerscheinungen Sachgebiete Literatur - und Kulturwissenschaft Kommunikationstheorie und Kommunikations - pädagogik Kommunikationswissen - schaft / Interkulturelle Kommunikation Geschichte / Politik & Gesellschaft / Regional - literatur Sozialwissenschaften Kunstgeschichte Philosophie / Theologie Frauenforschung Erziehungswissenschaft Universität des Saarlandes / Literaturarchiv Australische Studien zur Literatur , Philosophie und Kultur DETAIL : Chanson und Vaudeville ( 10211 ) Artikelinformation [ 117 ] Schriften der Saarländischen Universitäts - und Landesbibliothek Autor / Hrsg. : Schneider , Herbert Titel : Chanson und Vaudeville Reihen-Titel : Gesellschaftliches Singen und unterhaltende Kommunikation im 18. und 19. Jahrhundert Reihen Hrsg. : Band : 6 Jahr : 1999 Preis : 32.00 EUR bestellen ISBN : 3 - 86110 -211 - 0 Weitere Angaben : 289 S. , 168 teils farbige Abbildungen , Broschur Schlagworte : Erscheinungsdatum : Juli 1999 Beschreibung Die	Liedgattung	, die u.a. für die Kommunikation in allen gesellschaftlichen Bereichen und im populären Theater zur Verfügung stand , war das witzig-satirische Vaudeville , das in allen gesellschaftlichen Bereichen verbreitet war . Das Singen gehörte zu den täglich geübten gemeinsamen Äußerungen der Menschen .	Sg	Ind	Lied	er	0
http://www.mexiko-mexico.de/mexlex/Corrido.html	4b25bfaa597a91149de3c6ee8ad8eb57b72a	4	Besuchen Sie bitte diese Seiten , Sie finden neue und umstrukturierte Artikel sowie ein aktives Forum . Mit besten Grüßen Oliver Koch Corrido Der Corrido zählt zu den erzählenden	Liedgattungen	, eine Variation der gesungenen spanischen Romanze . Wenn man ihn genauer betrachtet , ist er ein balladenartiges Gedicht mit zwanzig bis dreißig achtsilbigen Quartetten und wurde anfangs begleitet von der Gitarre oder dem kleineren Requinto , später kamen auch Geige , Harfe oder Akkordeon dazu .	Pl	Ind	Lied	er	0
http://www.hfm-wuerzburg.de/home/news/masterstudiengang-liedgestaltung.html	ff2fbda174c027a4141558cc18a13fa6a57a	1	Lage des Hauses Unsere Einrichtung liegt verkehrsgünstig am Rande des Ruhrgebiets und bietet Ihnen inmitten eines kleinen Parks die nötige Ruhe für Ihren Aufenthalt . Kontakt Impressum Seitenübersicht Login English Aktuelles Amtliche Veröffentlichungen Meldungen Stellenangebote Termine Hochschule Pre-College Veranstaltungen Wettbewerbe Service Aktuelles 05. März 2014 Masterstudiengang Liedgestaltung Neues Studienangebot ab Wintersemester 2014 / 2015 Gerold Huber Holger Berndsen Die Hochschule für Musik Würzburg bietet ab Wintersemester 2014 / 2015 einen Masterstudiengang	Liedgestaltung	für Liedduos an . Ab sofort ist es möglich , sich für die Eignungsprüfungen in diesem Fach anzumelden .	Sg	Ind	Lied	er	0
http://www.thomann.de/de/classified_14_9.html	44d99b3ded6cb2a460af1ce28ba475a4097d	67	Proben etwa alle 3 - 4 Wochen , Sonstiges ist Hausaufgabe und Kommunikation per Internet . Mit den o.be schriebenen Musikanten funktioniert das prächtig kontakt : 09632 2320 uriblank Franz Schwarzmeier aus D-95652 Waldsassen am 10.11.2011 um 07:03 Uhr SUCHE : Peter Maffay cover Band sucht dringend , einen Bassisten und einen zweiten Gitarristen für den Bereich Solo - und	Liedgitarre	. Wir bestehen aus : für Gesang und Gitarre habe wir Thomas für Keyboard den Heiko und das Schlagzeug den R olf.Übu ngsraum ist vorhanden und dieser befindet sich in 38268 Peine-Barbecke , Haupstr .57 , so dass sich eine kurze Verkehrsverbindung zum Landkreis Hildesheim , Peine , Wolfenbüttel und Salzgitter ergibt .	Sg	Ind	Lied	er	0
http://www.le-nightflight.de/berichte/09-02/LE-elsterrock.htm	e515c32320a6182305581bfb146da01f0ee0	16	Den gelungenen Auftakt bot die Berliner New Metal Band ' Harvest ' . Mit einem satten groove und sehr kompakten , geradlinigen Titeln zog das Trio mit zusätzlichem	Liedgitarristen	die Zuhörer in den Bann . Beeindruckt hat besonders auch das sehr harte , engagierte Spiel der Bassistin , die ruhelos die Musik voranpeitschte .	Sg	Ind	Lied	er	0
http://www.jadu.de/musikgeschichte/text/tonpoeten.html	73cdee0bdde6d7f32fa94fd43f3c250fa01d	27	Die begleitende Klavierstimme ist geradezu eine sinfonisch ausgearbeitete poetische Interpretation des Textgedankens . Werke :	Liedgruppen	- 6 Lieder für Frauenstimme , 6 Gedichte von Scheffel ... , Gedichte von Eichendorff , Gedichte von Goethe , Spanisches Liederbuch , Alte Weisen , Italienisches Liederbuch , 3 Gedichte von Reinick , Gedichte von Michelangelo u.a. , unveröffentlichte Lieder , Sinfonische Dichtung Penthesilea , Italienische Serenate , Oper Der Corregidor Joseph Marx ( 1882 - 1964 ) © Copyright 2001 - 2002 by JADU von roger Webmaster Off . Homepage des ERSC Amberg e.V. - Herzlich Willkommen !	Pl	Coll	Lied	er	0
http://www.evlks.de/aktuelles/themen/14895_12606.html	3f65b801fe74ca0bff0cb0c017ebdc50bf03	16	Das Themenlied des Kirchenmusikers Friedemann Wutzler aus Weinböhla wurde schnell gefunden und die Wahl für das Hauptwerk fiel auf das Musical für Kinder - und Jugendchor " Singend laufen - die Heilung des Gelähmten " von Frieder Hecker ( Text ) und René Michael Röder ( Musik ) . Nach der Herausgabe eines DIN-A 4	Liedheftes	konnten sich die Kurrenden in den letzten Wochen schon mal mit den beiden Werken vertraut machen . Schlittschuhläufer aus verschiedenen Kirchenbezirken sorgten mit ihren Fahnen für frischen Wind vom Eis Ebenfalls wurden verschiedenfarbige T-Shirts mit Logo verteilt , so dass die Ränge im Eisstadion rot , weiß , und grün leuchteten .	Sg	Ind	Lied	er	0
http://www.tamino-klassikforum.at/index.php?page=Thread%26threadID=13421%26s=f305e7af6bb50f0454a6d9be29038b1a2b3fc638	19217506a57f20c220fcca9f7864d37a3a4a	208	Diesen Trend kenne ich von Prégardien . Er hat sich in dieser Richtung mehrfach geäußert und die Haltung des	Liedhörers	in Frage gestellt , der alles immer so hören will , er es kennt und gewohnt ist . Dabei sollte sich aber die Frage stellen , ob man mit diesen " Experimenten " dem musikalischen Werk jeweils dient oder ob man ihm Schaden zufügt .	Pl	Ind	Lied	er	0
http://www.fruehe-chancen.de/schwerpunkt_kitas/dok/print/589.php	5c13ca915185b2256fcdbb7e3a0ddc21522a	30	Sie können beim Singen von Liedern den Klang Ihrer Stimme und das Singtempo variieren ( zögerlich leise , mutig laut , ärgerlich laut , liebevoll sanft singen ) . Dadurch entsteht ein Spielfeld für Emotionen und die Kinder werden , vielfach wie von selbst , zur gestischen oder szenischen Darstellung der	Liedinhalte	angeregt . Rhythmisierung des Alltags Prüfen Sie die Möglichkeit , mit tradierten Versen und Liedern markante Zeiten im Tagesablauf , Übergänge und gemeinsame Aktivitäten zu ritualisieren , zu gestalten und zu erleben .	Pl	Ind	Lied	er	0
http://www.ccmtexte.de/rezis/cds/e/evanescence-ef.htm	5fd233a793fa6f1fbd173a7f2d6742fd98f8	22	Da wären bestimmt auch höherwertige Photos drin gewesen ?! Bei den	Liedinhalten	wird ein weiterer Akt in den Beziehungsdramen abgearbeitet . Es geht um Kummer , Leid , Schmerz , teilweise Haßgefühle , um im nächsten Augenblick Sehnsucht und Vertrauen herauszuschreien .	Pl	Ind	Lied	er	0
http://www.kloster-haydau.de/2004/MuWettbewerb/ausschrjury.html	f6a891645f651da45c232feb5c5bb2d6c54f	37	Obwohl Irwin Gage immer wieder als Solist auftritt - sein Debüt erfolgte 1973 bei den Wiener Philharmonikern unter Claudio Abbado - konzentriert er sich vor allem auf die Liedbegleitung . Er hält Meisterkurse in Europa , Japan und den USA und leitet seit 1979 die Klasse für	Liedinterpretation	am Konservatorium in Zürich , wo er seit 1982 auch wohnt . Er ist Mitbegründer des dortigen Konzertvereins " Freunde des Liedes " , der pro Saison fünf Liederabende mit bekannten sowie jungen Solisten präsentiert .	Sg	Ind	Lied	er	0
http://www.alternobis.de/fdkalender/rezensionen/rez_790317_bremen.htm	86a2aa3b3b346b8d9de8aba2d816c82eae8b	6	Fischer-Dieskaus Liederabenden haftet seit den frühen fünfziger Jahren die Aura des Außerordentlichen an . Daran hat sich seit nunmehr gut fünfundzwanzig Jahren nichts geändert ; noch immer sind seine	Liedinterpretationen	maßstabsetzend in ihrem sängerischen wie in ihrem geistigen Anspruchsniveau . Das Lied , diese so diffizile und typisch deutsche Verbindung von Wort und Ton , findet in Fischer-Dieskau , der gleichzeitig Musiker und Literat ist , in beiden Belangen den idealen Sachwalter .	Pl	Ind	Lied	er	0
http://www.tamino-klassikforum.at/index.php?page=Thread%26threadID=419%26s=f305e7af6bb50f0454a6d9be29038b1a2b3fc638	7124f4608e0253b6a9cbe3af9dbdd687e427	33	Überprüfen konnte ich mein Vorurteil einmal an Pavarotti , der sich mal über Kunstlieder hermachte , ich weiss leider nicht mehr welche . Natürlich können Bach-und Mozartsänger gute	Liedinterpreten	sein , aber zugleich ein guter Alfredo , Rodolfo , gar Manrico zu sein und ein hervorragender Liedersänger ? Nenne uns welche ?	Pl	Ind	Lied	er	0
http://www.alternobis.de/fdkalender/rezensionen/rez_791111_berlin.htm	25161143e5fdd5a01c54f510caa77b059c13	4	Dietrich Fischer-Dieskau traf für seine Lieder-Matinee in der Deutschen Oper eine Auswahl , die man einen Diskurs der Seele des Romantikers nennen könnte , ihren gesteigerten Ausdruckswillen wie deren innere Widersprüchlichkeit gleichermaßen erfassend . Den ersten Teil bildeten Kompositionen vorwiegend aus dem	Liedjahr	1840 - jener so überaus fruchtbaren Schaffensperiode Schumanns . Die glückliche Entwicklung der Beziehung zu Clara Wieck fand ihren schöpferischen Niederschlag in der Entstehung von 138 Liedern , versinnbildlicht in " Widmung " , dem ersten Lied des Zyklus " Myrten " nach Rückert-Gedichten .	Sg	Ind	Lied	er	0
http://www.kulturkontor.de/marcell_bakonyi.html	68e9235129419e36161c4355e99f0860fd5d	3	Von 1999 bis 2002 besuchte er das Leo Weiner Konservatorium in Budapest . Im Anschluss daran wechselte er auf die Hochschule für Musik und darstellende Kunst in Stuttgart , wo er Gesang bei Julia Hamari studierte und die	Liedklasse	von Cornelius Witthoeft besuchte . In 2007 schloss er sein Studium in Stuttgart mit Auszeichnung ab .	Sg	Ind	Lied	er	0
http://www.bruckneruni.at/Presse/Pressespiegel/Archiv/2010/Meine-ganze-Klasse-ist-Hugo-Wolf-verrueckt	707b4beebe75c56a4357cc806ed3ad25b745	12	Hugo Wolf freilich ist etwas ganz besonderes : " Ohne die Liebe zum Gedicht erschließt sich die Musik von Hugo Wolf dem Zuhörer nicht ganz . " Von den drei , vier größten	Liedkomponisten	, sei Wolf der " am meisten ans Wort gebundene " : " Er hat nur deutsche Gedichte vertont und ist geografisch scheinbar sehr an den deutschen Sprachraum gebunden . " Dennoch gebe es eine " große Liebe zu Hugo Wolf in England und den Staaten " , weiß der international tätige Liedsänger .	Pl	Ind	Lied	er	0
http://forum.rundschau-online.de/archive/index.php/t-187.html	c0c0eeb25db21a9a374b887721f0bc7a1430	612	in der Übertragung oder unten in der Stadt dort Kann dauern ein Leben oder ein allein teilten sich Verrückt Beerdigen Liebe sie !!! Dort in Mitteln zum Feld gibt es eine neue Probe È ein Ziehen , das er diese	Liedkräfte	teilt , um nie einzureichen !!! LIEBEN SIE SIE !!!	Pl	Ind	Lied	er	0
http://www.chanson.de/rezension-58.html	67bf8b368a746f22f1544f686cb6a8f9ca21	16	Mit einer " Hip Hop Invention " setzt Roger Stein die Reihe reizvoller Instrumentalstücke der vorigen CD fort , eine spannende Mischung aus Motiven wie sie ein Bach erfunden haben könnte und dem Rhythmus des 21. Jahrhunderts . Beim Lied " Marie " , dem dritten großen , erschütternd eingefangenen Einzelschicksal dieser CD , freut sich der Schreiber über die Reverenz an den Urheber Oliver Vollmann , war dieser doch jahrelang verlässlich kluger und inspirierter	Liedlieferant	für die sonntägliche Ö 1 - Sendung " Guglhupf " , ehe es den Betreibern nicht mehr gefiel und er ausgebootet wurde . Hier singt Sandra Kreisler ( ausgerechnet sie , nicht Roger ! ) eine uralte Männersehnsucht und - projektion hinaus , nach dem großteils verruchten Weib , mit einem Schuss Heiligenbild , und mit dem tragischen Ende . Ein großartiges Chanson , wirklich zu schade , um als Notenpapier irgendwo rumzuliegen .	Sg	Ind	Lied	er	0
http://www.deutsche-biographie.de/xsfz5583.html	50c49695a1ff058a4642e517d66cf070d327	17	H. J. Moser , Das dt. Chorlied zw. Senfl u. Hassler , in : Jb . Peters , 1928 ; C . Ph . Reinhard , Die Heidelberger	Liedmeister	d. 16. Jh. , 1939 ; H. Albrecht , Die dt. Psalmen u. Kirchengesänge d. J. v. B. , in : Archiv f. Musik-F 7 , 1942 ; ders . , C . Othmayr , Leben u. Werke , 1950 ; ders .	Sg	Ind	Lied	er	0
http://www.haraldfischerverlag.de/hfv/hymnologien.php	581a22257c8603f64e49e52a3f35fa2513f5	31	Bei über einem Drittel davon handelt es sich zudem um Unica oder ausgesprochene Rarissima mit weltweit nur noch zwei oder drei weiteren Besitznachweisen . Die im DKL nicht berücksichtigten , besonders im 18. Jh. aber weit überwiegenden reinen Textausgaben ohne	Liedmelodien	eingerechnet , verfügen Staats - und Stadtbibliothek Augsburg und Universitätsbibliothek Augsburg über zusammen etwa 4.000 Titel . Staats - und Stadtbibliothek Augsburg Die 1537 gegründete Staats - und Stadtbibliothek Augsburg zählt dank ihres wertvollen Altbestandes zu den großen deutschen noiseblank Sammlungen .	Pl	Ind	Lied	er	0
http://www.friedhelm-doehl.de/pages/texte_05.html	c415f43b609f374b5511d6ad70f1f0bae939	37	V Intermezzo ( Rückblick ) : kurz , I-IV erinnernd und zusammenfassend . VI Zerbrochenes Lied ( Atemwende ) : Tastversuche zu Beginn , Quinten , Ansätze von Liedhaftem , Unterbruch durch Störungen und Melancholie , das Festsingen auf einem	Liedmodell	, nach und nach gesteigert und schließlich ' durchdrehend ' , in Chaos ( erst aleatorisch , denn exakt notiert ) und Katastrophe endend . Der Atem stockt .	Sg	Ind	Lied	er	0
http://www.moutfish.de/page/14	79f6455004c5d4b17056cb7ea36d260e548c	8	Das Suchen nach Dateien sollte sich recht einfach gestalten und funktioniert auch in der Regel ohne Fehler . Es ist zudem möglich , auszuwählen , wie genau der	Liedname	mit dem in der Suchmaske übereinstimmen soll . Dadurch ist es unter anderem möglich , nach allen Liedern von einem Interpreten zu suchen .	Sg	Ind	Lied	er	0
http://members.teleweb.at/wo/neppomuks_rache.html	be2e96fc20ad5a4bc5167f6b53cae4eb855f	61	Nach dem Liedtext findest Du häufig noch Rezensionen oder Zusatzinformationen zum jeweiligen Lied . ) R ( hinter einem	Liednamen	kennzeichnet die Existenz einer Rezension und ) I ( die Existenz einer Zusatzinformation . Es gibt auch eine Hilfe zur Diskografie .	Pl	Ind	Lied	er	0
http://www.liedoratorium-bonhoeffer.de/pressespiegel.htm	b9ee9633fa75bd28f8b925f8fab47c86e1e8	192	Bonhoeffer war ein sehr eigenständiger Theologe , der die Bedeutung der Bergpredigt und Nachfolge Jesu besonders betonte und persönlich vorlebte . In seinen Gefängnisbriefen entwickelte er Visionen für eine künftige Ökumene an der Seite der Armen und Gedanken zu einer nichtreligiösen Interpretation von Bibel und Gottesdienst Im Hinblick auf das	Liedoratorium	hat man in Ludwigsstadt kurzerhand den gesamten Dekanatskirchentag unter das Thema " Dietrich Bonhoeffer " gestellt . Dekan Martin Voß ist überzeugt , dass Dietrich Bonhoeffer auch nach seinem Gedenkjahr 2006 aktuell ist : " Der Theologe Bonhoeffer hat uns eigentlich ständig etwas zu sagen !	Sg	Ind	Lied	er	0
http://www.wuerselen-evangelisch.de/index.php?id=3205	a048d0d4ccbbd1f9910b196e5972f364bfe4	15	Dies tut der klanglichen Harmonie allerdings keinen Abbruch und mit dem entsprechenden Liedrepertoire lassen auch vier Frauen - und eine Männerstimme eine eindrucksvolle Stimmenvielfalt erklingen . Auch Spirituals und Gospels Die	Liedpalette	des Chores reicht dabei vom schlichten Kantionalsatz bis zur rhythmusbetonten Jazz-Motette , ein Schwerpunkt der Arbeit ist das " neue geistliche Lied " ( NGL ) . Und in den vergangenen Jahren wurden auch immer wieder fremdsprachige Stücke einstudiert , so dass im Gottesdienst die Besucher immer mal wieder englischen oder italienischen Zeilen aus Gospels und Spirituals lauschen .	Sg	Ind	Lied	er	0
http://www.wupperhofer.de/mitwirkende_2008.htm	babfd87fa7fdfa6be2ccf6788e3bf0fa13d2	21	" Magnificat " sowie zahlreichen Kantaten Johann Sebastian Bachs , sang er auch die Tenorpartien in den Requiem-Kompositionen Wolfgang Amadeus Mozarts und Domenico Cimarosas , in Felix Mendelssohn-Bartholdys " Elias " , im " Oratorio de Noel " von Camille Saint-Saens und in Carl Orffs " Carmina Burana " . Für das Jahr 2009 sind Liederabende mit Franz Schuberts " Die schöne Müllerin " mit seiner	Liedpartnerin	Barbara Schwab in Planung . Seit der Spielzeit 2005 / 06 ist er Mitglied des Opernchores des Nationaltheaters Mannheim .	Sg	Ind	Lied	er	0
http://www.lobberich.de/stsebastian/allgemein/archiv/pfarrbrief2006-3.htm	a21818b271e29eeaab6d2a4854155c207833	171	Die Kolpingjugend , Spielgruppen und der Kindergarten treffen sich hier , die Discogruppe organisiert Feste für alle Altersgruppen . Auch die Gruppenstunden der Kommunionkinder und Firmlinge sind im Jugendheim , der Kirchenchor trifft sich hier zur	Liedprobe	. Anderen Gruppen und Vereinen steht das Pfarrheim mit dazugehörigem Saal ebenfalls offen .	Sg	Ind	Lied	er	0
http://www.marie-kinderbuchverlag.de/site_10/hoersp_10-dts.html	e57f884d7d0ea451275819c986ddb26d2bb8	4	" ... gelungene Hörspiele ... musikalisch hochwertig ... ein Gewinn für das Segment . " " ... excellent radio plays ... musically first-class ... a real bonus for this sector . " Zitat : Medienlektorat für Bibliotheken Deutsche Ausgaben / Audioproduktionen in deutscher Sprache ( the german titles ) : > Hörspiele & Musik-CD 's / radio plays & song-CD 's : Übersicht / Overview Hörspiele - und Lieder : Deutsch Hörspiele - und Lieder : Englisch Hörspiele - und Lieder : Französisch Hörspiele - und Lieder : Italienisch Hörspiele - und Lieder : Spanisch Hörspiele - und Lieder : Russisch Hörspiele - und Lieder : Türkisch Hörspiele - und Lieder : Chinesisch Hörspiele - und Lieder : Japanisch > Hörspiele und Lieder vorausgegangene Produktion Alle Hör - und	Liedproben	sind in den Hörspielen der Serie Marienkäfer Marie® ungekürzt zu hören , oder auf den Lieder-CD s. Die Lieder-CD 's gibt es mehrsprachig , jeweils in 2 Sprachen . Diese Lieder-CD gibt es in mehreren Sprachvarianten .	Pl	Ind	Lied	er	0
http://www.evlks.de/landeskirche/landessynode/13659.html	65cdd11fad2c4dcb0baa3bc9e9c9d16067f9	47	Wir brauchen als Kirchgemeinde Konzepte für " Befreundungsräume " für " normale " Menschen ! Zu Beginn und während der Kurzvorstellung der Ergebnisse beeindruckte ein Kinder - und Jugendchor aus dem Kirchenbezirk Großenhain mit einem umfangreichen	Liedprogramm	. Die jungen Stimmen sind Bestandteil eines Gemeinschaftsprojekts unter Leitung des Musikers und Komponisten Stefan Jänke .	Sg	Ind	Lied	er	0
http://www.alternobis.de/fdkalender/rezensionen/rez_730403_muench.htm	aef5c0976de927ae7274ab3d8cc3f00d5253	38	Dieser Sänger hat nach dem Zweiten Weltkrieg die Liedkunst in eine ungeahnte Höhe gehoben , ihr ein neues Publikum geschaffen . Es gibt auf der Welt keinen besseren Liedersänger als ihn - und wohl nur ganz wenige , die mit reinen	Liedprogrammen	Säle so selbstverständlich zu füllen vermögen wie er . Ob ihm das nicht auch , was die Zusammenstellung des Programms und die Wahl des Begleiters betrifft , äußerste Verantwortung auferlegt ?	Pl	Ind	Lied	er	0
http://www.kulturkontor.de/julia_rempe.html	46ecbc39d2fa8b36a77210f7ae2b7bc0f6df	20	Sie arbeitete mit dem Gürzenich Orchester Köln und dem Ensemble Modern zusammen . Mit dem Amar Quartett sang sie in 2007 ein Konzertprogramm mit dem Titel " Hommage an Hindemith " in Zürich und Basel , darauf folgte eine Rundfunkproduktion französischer Kammermusik mit dem ensemble kontraste 2009 sang sie Solokonzerte mit den Dresdner Philharmonikern mit Werken von Mozart und Hans Zender unter der musikalischen Leitung von Hans Zender , sowie die Sopranpartie im 5. Streichquartett von Jörg Widmann in einer Reihe von Konzerten mit dem Leipziger Streichquartett . Verschiedene	Liedprojekte	und Konzerte mit zeitgenössischer Musik sind auch für 2010 / 11 geplant . Stand März 2010 Foto in Druckauflösung Cröhnchen-Klub Forum " Ein Plätzchen für jeden " Die Ecke für die Psyche " Was mir nächste Woche bevorsteht ...	Pl	Ind	Lied	er	0
http://queerhistory.de/unterricht/homosexualitaet-in-der-ddr	b10417287743e24e68a6cfe075cdafe5d9ca	43	Die für Schüler_innen der gymnasialen Oberstufe konzipierte , maximal drei Doppelstunden umfassende Unterrichtseinheit , die selbstverständlich auch kürzer ausfallen kann , nähert sich in drei Phasen der Geschichte der Homosexualitäten in der DDR an . Im Zentrum der ersten Phase steht die akustische Präsentation und anschließende Analyse einer	Liedquelle	( Q 1 ) , die eine erste Annäherung an die Thematik ermöglicht . Es handelt sich dabei um den 1982 entstandenen Rocksong Sterne in der Nacht 1 der populären Gruppe Karussell , der sich in artifizieller Weise mit der durch gesellschaftliche Ablehnung gekennzeichneten , von Heimlichkeit und Scham geprägten Partnersuche schwuler Männer im Schutze der Dunkelheit befasst .	Sg	Ind	Lied	er	0
http://ruszkowski.npage.de/himmelslotse_58830370.html	8561de396e991d3eb8d23e20da98731c1a42	381	aus Ostpreußen , der mir später öfter als Stadtstreicher begegnet . Für fast alle gilt der	Liedrefrain	: " Ein Kerl wie Samt und Seide , nur schade , dass er suff . " Bei einigen gelingt es mir , sie bei eigener Einsicht ins " Trockendock " zu vermitteln .	Sg	Ind	Lied	er	0
http://www.anknuepfen.de/2001/07/27/konfi3-gestaltung-einer-gruppenstunde	bdc54680cd483dc3959a0e0b39af2a2b46d8	30	Gleichzeitig hat Singen die Funktion der Gemeinschaftsbildung und ist eine kindgemäße Ausdrucksform . Das Vorbereitungsmaterial schlägt jeweils für eine Themeneinheit ein Lied vor , das mehrmals wiederholt wird , um so mit der Zeit über ein kleines	Liedrepertoire	zu verfügen . Weitere Lieder finden sich im Materialteil .	Sg	Ind	Lied	er	0
http://www.philo.uni-saarland.de/people/analytic/strobach/alteseite/veranst/mittelalter/historia.html	9de9578c4af151b4ddde2fa4bbe5c7dd39b0	151	Abaelard antwortet mit einer ausführlichen Klosterregel , den Briefen VII und VIII ( über 100 Seiten ) . Die restlichen Briefe sind kurze Anschreiben zu Predigt - oder	Liedsammlungen	u.ä. und inhaltlich uninteressant . Es liegt nicht fern , daß es sich bei der Einschätzung des Briefwechsels zwischen Abaelard und Heloise als Liebesbriefe um ein zwar bemerkenswertes , aber deshalb nicht weniger fundamentales Mißverständnis handelt .	Pl	Coll	Lied	er	0
http://www.orchester-mainz.de/veranstaltungen/spielzeit-2013-14/5-sinfoniekonzert.html	27cc7512e58b14d0290c8485cf76b5abfd07	10	An Eduard Hanslick schrieb er gut gelaunt : " Der Wörther See ist ein jungfräulicher Boden , da fliegen die Melodien , dass man sich hüten muss , keine zu treten " . Wolfgang Holzmair | Bariton Wolfgang Holzmair , ausgebildet in Wien bei Hilde Rössel-Majdan und Erik Werba , ist einer der international führenden	Liedsänger	. Regelmäßig gastiert er in den großen Musikzentren und bei bedeutenden Festivals , sei es mit den namhaften Pianisten unserer Zeit oder den führenden Orchestern und Dirigenten .	Pl	Ind	Lied	er	0
http://www.kuenstleragentur-mai.de/kuenstler-vermittlung/von-belcanto-bis-schumann-und-weiter	c09dd78bc8f780ae178ba6a6bef902769f77	18	Allabendlich begeisterte die Operndiva in der Dinnershow " Pomp Duck and Circumstance " die Gäste mit den Arien " Ebben , n ' andro lontana " aus der Oper " La Wally " von Catalani ( bekannt geworden durch den Film " Diva " ) , " Vissi d ' arte " aus der Oper " Tosca " oder " Casta Diva " aus der Oper " Norma " . Die vielseitige Künstlerin ist nicht nur eine klassische Opern - , Operetten - , Oratorium - und	Liedsängerin	, sondern darüber hinaus auch eine hervorragende Musical - , Chanson - , Schlager - und Volksliedinterpretin . Jahrelange Theatererfahrungen , Gala - und Showauftritte ( z. B. Eröffnung des Brandenburger Tores 2002 , Classic Open Air Gendarmenmarkt 2007 ) runden ihre künstlerische Laufbahn ab .	Sg	Ind	Lied	er	0
http://www.alternobis.de/fdkalender/rezensionen/rez_790205_muench.htm	f552833b8e0d422440f21f5a71d6da5938e2	7	Schoeck , der fast allen neueren Strömungen seiner Zeit ablehnend gegenüberstand , ein konservativer Anwalt der Vergangenheit , war in der Tat ein bedeutender Komponist . Er sollte , vor allem von den	Liedsängern	, nicht weiter unterschätzt werden . Wolfgang Schreiber _ _ _ _ _ _ _ _ _ _ _ _ _ _ _ _ _ _ _ _ _ _ _ _ _ _ _ _ _ _ _ _ _ _ zurück zur Übersicht noiseblank von gestern und heute Papa Bernds Glaubensbekenntnis ( uriblank ) Bernd Siggelkows Geschichte wäre eine Erfolgsgeschichte , wenn sie keinen traurigen Hintergrund hätte .	Pl	Ind	Lied	er	0
http://www.kirchenmusik-buchloe.de/aktuell.htm	56a6e4c7935a8be082295f1c303ed2da5494	33	Neben dem Chor der Stadtpfarrkirche wirkten Solisten , Instrumentalisten sowie die Chorgemeinschaft Emersacker-Heretsried-Lauterbrunn unter Leitung von Frau Sieglinde Baur-Kazemiyeh mit . Ergänzt wurden die	Liedsätze	durch verbindende " Deklamationen " und Bilder aus dem Leben der Heiligen . Das ca. 60 Minuten dauernde Festspiel wurde dann erneut am 21. Nov .	Pl	Ind	Lied	er	0
http://www.marianum-meppen.de/archiv/newsarchiv/archiv2002/archiv2002b.html	f6375e83fc95b771c6b39fd69659d17d428f	15	Die Nussknacker-Suite von P.Tsc haikowsky stand auf dem Programm des Schulorchesters unter der Leitung von Herrn Gebbeken . Mit adventlichen und weihnachtlichen	Liedsätzen	aus Europa bereitete der Eltern - Lehrer - Chor und der Schulchor ( Frau Lutter ) auf das Weihnachtsfest vor . Die Jazzcombo ' Tinkerbell ' sowie die Jazzband unter Regie von Herrn Paulmann beschloss mit Big Band Sounds unter großem Applaus das Konzert .	Pl	Ind	Lied	er	0
http://www.frafithe.de/presse/cdmeinungen.php	027c3e87cf2d2aa384252b977faf2743aeb9	213	Bis hin zum Schlaflied für - einen Teddybären orientieren sie sich vollständig an dem Erfahrungs - und Phantasiehorizont von Kindergartenkindern . Kein Wunder , entstand die Idee zu diesem Programm doch bei einem Kinderliederseminar , das Marieluise Ritter für Erzieherinnen gab , die Anregungen für einen neuen	Liedschatz	und seine Vermittlung suchten . Der Ritter Florian Töne für Kinder , München , uriblank " Narzissen und die Tulipan , die schwingen ihre Stengel und singen wie die Engel " - frech , lebendig , mit Rap und Rock und gefühlvoller Romantik trägt die singende Familie Ritter ideenreiche Lieder vor , spielt dabei mit der Sprache in Worten und Bildern .	Sg	Ind	Lied	er	0
http://www.jazzclub-ilmenau.de/Newseeintrag.220.0.html?%26tx_ttnews%5Btt_news%5D=190%26cHash=e5eb557db53040aba750e033b8e45f21	cb9ac3e2ac467eeb5982e228e999746c7ade	3	Die Videoperformance und die skurilen Auftritte der bandeigenen Monster Morboy , Wigfried und Eve sind nicht nur Ergänzung oder lustiger Sidekick um die Konzentration des modernen dauerberieselten Menschen während längerer Improvisationsphasen aufrechtzuerhalten . Wenn sich die Instrumente aus den klassischen	Liedschemen	verabschieden und statt Melodie Stimmung erzeugen , zoomt das Auge von den Musikern auf die Leinwand und wird dort aufgefangen im weichen Kissen der Illusion , in bizarrem Traum oder buntem Feuerwerk . Kino und Musik verschmelzen in der denkbar schönsten und innigsten Weise .	Pl	Ind	Lied	er	0
http://www.vek.de/russische-musik.htm	effd088c57851cd94dd5ab79defc868fc4c4	95	Sammelbände für historische und vergleichende Musikforschung , Bd. 3 , br . , Notenbeispiele , Faksimiles , Z. 1 , 240 S. , Kassel 1965 , ( vergriffen ) , Preis : 89,80 CHF / 54,80 EUR Inhalt : Constantin Floros : Die Entzifferung der Kondakarien-Notation ( I ) Elmar Arro : Richard Wagners Rigaer Wanderjahre Zofia Lissa : Zur russischen Publikation von Beethovens Heiligenstädter Skizzenbuch 1802 / 03 Elmar Arro : Die deutschbaltische	Liedschule	usw . MdO 004 k Johann-Gottfried-Herder-Forschungsstelle für Musikgeschichte Hg. ) , Musik des Ostens . Sammelbände für historische und vergleichende Musikforschung , Bd. 4 , br .	Sg	Ind	Lied	er	0
http://www.join-online.de/newsgrabber/recht.html	c1ed09c4a1c8ff33e54cfc13b92b7f746451	51	Laut Heppner haben es die " Musikpiraten " - die nicht zur Piratenpartie gehören - geschafft , mithilfe von Spendengeldern ein Notenbuch mit gängigen , urheberrechtsfreien Kinderliedern zusammenzustellen . " Alle enthaltenen	Liedseiten	dürfen für Bildungsz ... 13 Tage , 1 Stunde » Grababdeckung , Antrag auf Zulassung der Berufung ( abgelehnt ) - Verbot der vollflächigen Grababdeckung » Einführung von Oberschulen Der flächendeckenden Einführung von Oberschulen steht ein vertraglicher Anspruch auf Erhalt des dreigliedrigen Schulsystems entgegen , der im Wege der einstweiligen Anordnung gesichert werden kann .	Pl	Ind	Lied	er	0
http://www.cara-marketing.de/grossanzeigen.htm	eb021b4e9f213820b3b41a1dcb7a316a216d	12	Elektronischer Kirchenliedanzeiger Der Liedanzeiger hilft den Kirchenbesuchern das entsprechende Kirchenlied im Gesangbuch zu finden . Mit Hilfe des	Liedspeichers	kann die Liedfolge des gesamten Gottesdienst eingegeben und einzeln abgerufen werden . Produktinformation lesen Besuchen Sie die Produktinformationen der WIBOND Informationssysteme GmbH : uriblank Zurück zur News Übersicht © cara Service GmbH 26. Mountain to Surf Marathon New Plymouth ( 5.3.2005 ) Vom Vulkan zur Brandung Die Neuseeländer sind ein ziemlich sportbegeistertes Volk .	Sg	Ind	Lied	er	0
http://www.musikpaedagogik-online.de/de_DE/material/instrument/um/current/showarticle,33326.html	fe94f78e50fad79a1ca3e4697867822d5a8f	7	Zu jedem Liedspiel werden ergänzende Hinweise in Bezug auf die Zielsetzung , zur praktischen Umsetzung und / oder zu benötigten Materialien gegeben . Grundsätzlich wird von der Autorin ein vielseitiger Umgang mit den	Liedspielen	begrüßt , sodass z. B. neben Spielideen und Bewegungsvorschlägen vereinzelt auch Kopiervorlagen zum Basteln oder Ideen für eine Instrumentalbegleitung abgedruckt sind . Hilfreich ist , dass am Ende des Bandes sowohl ein thematisches als auch ein alphabetisches Liederverzeichnis stehen , die einen Überblick geben und eine gezielte Auswahl ermöglichen .	Pl	Ind	Lied	er	0
http://www.musikansich.de/artikel.php?id=3	f1d8217f0e2a96bc5f0007c1f1f7416aa32f	88	Soundmäßig klingt alles klar und deutlich , dennoch klingen einige Songs von ihrer Grundstruktur her beliebig , könnten noch weiter ausgebaut und detailfreudiger sein . Bekanntere	Liedsträußchen	wie " Poor Leno " , " Remind Me " und die neue Single " Eple " machen aber Freude und retten das durchwachsene Set . JA Sa 21.06.03 23:45 Coldplay Einer der Höhepunkte vorneherein versprechen Coldplay zu sein .	Pl	Ind	Lied	er	0
http://www.bibelwelt.de/html/body_draussen1.html	e7d61a6ad6b111ed8c98164324efd595b57b	75	Sie gehören nicht zur Gemeinde , sie sind " out " für Christus und für Gott . Ich habe kein gutes Gefühl dabei , eine solche	Liedstrophe	zu singen und habe das auch Ihnen und euch heute nicht zumuten wollen . Manche mögen diese Zurückhaltung falsch finden und wünschen sich vielleicht sogar , dass ich mich mit einem solchen Text klar zu Christus bekenne .	Sg	Ind	Lied	er	0
http://www.predigtforum.de/2010/11/sammle-meine-tranen-in-deinen-krug-3/comment-page-1	6ff154d778a987fc34e9cd75d99c7732ad48	118	Der Morgenstern bescheinet auch deine Angst und Pein . ( Die Gemeinde kann nach dem Orgelvers in diese letzte Liedstrophe miteinstimmen . ) Autor : Kirchenrat Pfarrer Heinz Janssen , Landeskirchlicher Beauftragter für den Prädikantendienst in der Evangelischen Landeskirche in Baden 1 Kommentar zu " Sammle meine Tränen in deinen Krug " P.iR Heinz Rußmann sagt : 21. November 2010 um 08:57	Liedstrophen	und einzelne Bibelworte enthalten die tröstliche Substanz unseres persönlichen Glaubens . Es ist die allgemeine Erfahrung , dass im Kern Lieder und Bibelverse die Christen in ihrer Seele trösten , wenn sie aufs eigene Sterben zugehen oder wenn sie der Verstorbenen gedenken .	Pl	Ind	Lied	er	0
http://www.kulturpegel.de/buehnenrand/mediengruppe-telekommander-im-keller-klub.html	69633a6d48f98deaf630ffddae49f5aed127	36	MTK machte auch gleich die Tüte mit bunten Elektrobonbons auf um sie in das gierige Volk zu schütten . Die	Liedstrukturen	und der Gesang erinnerte ein wenig an Deichkind oder gewisse Audiolith Bands , aber mit wesentlich mehr Gesellschaftskritik im petto . Einmal wird zum Kaputtkaufen und umtauschen animiert , dann wieder soll die Musik leiser gemacht werden .	Pl	Ind	Lied	er	0
http://www.herrlichkeit-erpel.de/CaeciliaNeuenahr.htm	aa09e29ab1da4522caae9ae50ca30bbf02ee	4	In diesem Jahr hatte sich Günter Meffert , der neue Chorleiter des Erpeler Kirchenchores der Kirche St. Severinus , spontan bereit erklärt , am 27.09. und 28.09. den " weltlichen " Chor zu begleiten und stimmlich und musikalisch zu unterstützen . Nach den Lockerungsübungen der Stimmbänder , aber auch des Körpers , nahm Herr Meffert die Tenöre und die Bässe unter seine Fittiche , während Chorleiter Gerald Charlier mit den Sopran - und Altstimmen die neuen	Liedstücke	einstudierte . Vor und auch nach dem Abendessen wurde das Gelernte dann noch einmal mit allen Stimmen zusammen geübt .	Pl	Ind	Lied	er	0
http://www.wochenzeitung.paulinus.de/archiv/1134/bistumc.html	42554df447ebc3bd80ceb52a80e3d41c5c43	11	Dort werden Segenstexte , Segensgesten sowie meditative Tänze mit Liedern begleitet . Infos unter Telefon ( 0 26 32 ) 30 97 90 . Vallendar :	Liedtag	27. 8. , 9.30 bis 18.15 Uhr , Liedtag in der Wallfahrtskirche der Pallottiner . Infos : Telefon ( 02 61 ) 6 40 80 . Saarbrücken : Jazzkonzert mit Pia Oestreich und Freunden Am 1. 9. findet um 17 Uhr ein Sonderkonzert in der Eingangshalle der Caritasklinik St. Theresia ( Rheinstraße 2 ) statt .	Sg	Ind	Lied	er	0
http://news.preisgenau.de/20000-musik-songs-kostenlos-downloaden-mit-legalen-web-20-musik-seiten-7271.html	763fbd79bdbe501d7bb22eff3b50d9b4e6c3	57	Oft bekommt man sehr viele Treffer zu einem Songtitel . Offizielle Musikvideos ( viele in HD-Qualität ) stehen neben privaten Mitschnitten und Videos , die nur die Tonspur bieten bzw. ein Lied zusammen mit Fotos des Künstlers oder zusammen mit dem	Liedtext	zeigen . Diese Nachteile gleicht YouTube.de aber durch die große Zahl an Songs aus .	Sg	Ind	Lied	er	0
http://www.bocholt-links.de/zeitung/page/49	a5ee8576fcfe76cd61a0ab096df511471765	78	Rund 110 Besucherinnen und Besucher erfreuten sich der großen Auswahl an Kuchen , den die Landfrauen selbst gebacken hatten . Für nur 5 , - Euro Eintritt genossen die Besucherinnen und Besucher Kaffee und Kuchen , lachten über Sketche und Geschichten und sangen - dank ausgeteilter	Liedtexte	- die plattdeutschen Lieder lautstark mit . Insbesondere amüsierten sich die Zuschauerinnen und Zuschauer über eine Pfirsichbowle , die zur " Wirsingbowle " wurde , da der eifrige Jans das hochdeutsche Wort " Wirsing " mit dem deutschen Wort " Pfirsich " - anstelle des plattdeutschen Wortes " Pirsken " - verwechselt hatte .	Pl	Ind	Lied	er	0
http://news.preisgenau.de/20000-musik-songs-kostenlos-downloaden-mit-legalen-web-20-musik-seiten-7271.html	763fbd79bdbe501d7bb22eff3b50d9b4e6c3	40	Hier steht die Suche nach Musik im Vordergrund . Sogar anhand von Wörtern aus	Liedtexten	lassen sich Lieder aufspüren . Semsix.com durchsucht verschiedene Quellen wie beispielsweise YouTube , Vimeo und MyVideo nach Musik , die man sich online anhören kann .	Pl	Ind	Lied	er	0
http://giselasletterbox.rosslauer.de/autor_gl/lennox_judith_das_herz_der_nacht.htm	f13d7dcac042cbd1dff3a43192631e4585c1	4	Allerdings gefällt mir der gewählte Titel dieses Buchs überhaupt nicht . Es ist die Übersetzung eines englischen	Liedtextes	, der öfter in einer Liebesgeschichte vorkommt . - Aber für mich ein Grund , einen Punkt abzuziehen .	Sg	Ind	Lied	er	0
http://www.metallized.de/forum/archive/index.php/t-6093.html	815b2565b93b090557079347c8ae522775f0	60	Naja , klingt die Musik nicht wie eine größere heimische Band ? ... Vanadium 02.01.2007 , 20:19 Erinnert mich ein wenig an alte Sodom Nug-Soth 02.01.2007 , 20:21 Original von AlleMannen Erinnert mich ein wenig an alte Sodom Mich auch .. und zwar nicht nur wenig x ] 02.01.2007 , 20:24 Gut , hast recht :D Hab mir nochmal die " In the sign of evil " angehört , sehr ähnlich^^ Ist aber net verwerflich ;) 02.01.2007 , 20:25 Denkt euch mal andere	Liedtitel	und erinnert euch daran , worüber es bei Qualenpest ging ... Hihi , das ist zu gut ...	Sg	Ind	Lied	er	0
http://heypunk.de/heypunk/inhalt/reviews-musik.htm	8771be3eba2ccfb58d1930e8c9b971395c4b	394	Der Song " Working Class Pride " von Smegma ist vom musikalischen ein recht ansprechender Punksong . Was einen textlich erwartet , kann man sich ja anhand des	Liedtitels	selbst zusammenreimen . Insgesamt findet der geneigte Hörer auf dieser Split Single jeweils 2 Songs von jeder Band .	Sg	Ind	Lied	er	0
http://www.kkm-muenster.de/inhalt_d/detail.php?K_ID=17%26back=3	71811816840a854d4a676264a4a81f8b672d	2	Bis heute wird der Einfluss der mittelalterlichen heimat - und rechtlosen fahrenden Spielleute auf die Entwicklung der europäischen Musikgeschichte unterschätzt . Doch gerade die Lieder der " Verdammten und Hochgeehrten " werden beim Duo WILDWUCHS angemessen berücksichtigt - so gut dies die spärliche Quellenlage durch die eigentlich mündliche	Liedtradition	der Fahrenden zulässt . Deren sprichwörtliche Mobilität ermöglichte einen äußerst fruchtbaren kulturellen Austausch sogar über die Grenzen Europas hinweg , zum Beispiel entlang der alten Pilger - und Handelswege .	Sg	Ind	Lied	er	0
http://www.clavio.de/forum/werke-komponisten-musiker/9499-lieblingsstuecke-von-robert-schumann-und-franz-liszt.html	e9a200eaea7e5ee53df2766d9577ff64fe19	10	mich würde mal interssieren was eure Lieblngsstücke von Schumann und / oder Liszt sind . hallo , erst mal ein " Hybrid " oder " Klon " : Schumann / Liszt : Widmung (	Liedtranskription	) - absolut wunderwoll !!! meine Lieblingsstücke : a) Schumann Klavierkonzert a-Moll komplett ( für mich das schönste Klavierkonzert überhaupt ) Kinderszenen komplett ( ein epochales Meisterwerk ! ) Klavierquintett Es-Dur ( vor allem der langsame Satz ) Mondnacht ( Lied für Mezzo & Klavier ) Er , der herrlichste von allen ( Lied , aus dem Chamisso-Zyklus ) Waldesgespräch ( Lied , nach Eichendorff ) Widmung ( Lied , nach Rückert ) Frühlingssinfonie komplett rheinische Sinfonie komplett Papillons komplett ( charmant und romantisch ) Nachklänge aus dem Theater ( aus dem Album für die Jugend , 2 Teil ) " die Bässe durchaus leicht und frei " ( aus Kreisleriana ) b) Liszt Sonate Les Preludes Dante-Sinfonie Via Crucis Mephisto-Walzer A-Dur Paganini-Etüden Es-Dur & gis-Moll La legierrezza ( Konzertetüde ) Gnomenreigen ( Konzertetüde ) Tannhäuser Ouvertüre ( Transkription ) Abendstern ( Transkription ) Isoldens Liebestod ( Transkription ) Rigoletto-Paraphrase Miserere di Trovatore Paraphrase la lugubre Gondola Czadras macabre danza sacra e finale ( Aida ) Paraphrase summ und brumm ( Spinnstubenszene , Holländer ) Paraphrase Consolation III Einzug der Götter in Walhall ( Transkription ) Orage ( Annees de Pelerinage ) Les Funerailles am Grabe Richard Wagners Ständchen Transkription ( eher Paraphrase ) Soiree de Vienne Nr. 6 Klavierkonzert A-Dur Fantasie und Fuge über b-a-c-h Tarantella ( annees de pelerinage - italie ) Canzonette di Salvatore Rossi ( annes de pelerinage - italie ) feux follets ( Transzendental-Etüde ) Norma-Reminiszenzen Wasserspiele der Villa d ' Este fantastische Sinfonie ( Berlioz ) Transkription " ein Ball " , " Gang zum Richtplatz " und " Traum von einem Hexensabbat " ( also 2. , 4. & 5. Satz ) heilige Elisabeth ( Oratorium ) komplett soweit meine privaten Favoriten von Schumann und Liszt Gruß , Rolf Digg 28.01.2010 09:48 # 4 sla 019 Erfahrener Benutzer setzt Akzente Registriert seit 19.10.2009 Ort tief in Bayern Beiträge 1.276 hi , mich würde mal interssieren was eure Lieblngsstücke von Schumann sind .	Sg	Ind	Lied	er	0
http://www.urmel-dl.de/Projekte/BibliothecaElectoralis/HistorischerAbriss/Inhalt.html	8a86b26a250f8ace84ae6ac518edc7382bba	9	Während letztere dem Gründungs­bestand der " Bibliotheca electoralis " selbst angehören , ist ein großer Teil der mittelalterlichen Handschriften klösterlicher Provenienz und kam als Säkularisationsgut hinzu . Ein kulturelles Monument eigener Klasse ist die ebenfalls zur " Bibliotheca electoralis " zählende Jenaer Liederhandschrift ( Signatur : ThULB , Ms El . f. 101 ) , die neben der Großen Heidelberger Liederhandschrift ( Manesse-Codex ) bedeutendste , größte und prachtvollste Handschrift mit deutscher	Liedüberlieferung	des Mittelalters , ohne die uns zahlreiche Autoren und Texte des Hochmittelalters unbekannt geblieben wären . GAC-Forum > Reviews > ASGs > Review Double Eagle M 81 ( USP ) AEP PDA Archiv verlassen und diese Seite im Standarddesign anzeigen : Review Double Eagle M 81 ( USP ) AEP Provokateur 23.05.2007 , 19:03 Review Double Eagle M 81 ( USP ) AEP uriblank Gliederung 1 ) Hintergrund und Kaufintention 2 ) Bestellung und Ablauf 3 ) Erhalt der ASG 4 ) Lieferumfang und Begutachtung der Teile 5 ) Batteriewechsel 6 ) Bedienung und Einstellen des Hop-Up 7 ) Gewicht , Maße , ROF und Präzision im Vergleich mit KJW P 8 8) Tuning 9 ) Abschließende Worte und Fazit 1 ) Hintergrund und Kaufintention Mir war zu Augen gekommen , dass verschiedene Importeure ( noch vor Marui , welche auch eine USP AEP angekündigt haben ) in Deutschland die Double Eagle M 81 , eine USP-AEP auf den Markt gebracht hatten . Dieses Produkt weckte meine Neugier .	Sg	Ind	Lied	er	0
http://www.sibel-nefa.de//magazin/bauchtanz-magazine-inhalt.htm	0f99f1bf2abbfb938ef6ff51c30011a4785e	137	• Arabische Musik versthen : Teil XI - Riq . •	Liedübersetzung	: Mashi Haddih . • Diverse Orient Nachrichten • Orient Leser-Forum • Diverse Showberichte • Spieglein , Spieglein an der Wand ...	Sg	Ind	Lied	er	0
http://verkauf.donkiz.de/verkauf/zither_ddr.htm	4378f6d960d1a7a9ac14225b1072f9afb8d6	6	Beschreibung wegen anstehendem Umzug müssen wir uns von einigen Dingen trennen ... DDR Kinderzither in der Orginalverpackung ... 1	Liedvorlage	ist noch ... 09 - 10 -2011 - ebay.de Speichern Kinder-Zither VEB Musikinstrumente " MUSIMA " Markneukirchen / DDR in Berlin - Treptow | Musikinstrumente | eBay Kleinanzeigen Beschreibung Biete hier eine Kinder-Zither von VEB Musikinstrumentebau " MUSIMA " Markneukirchen / DDR mit original Karton , Spielanleitung , ...	Sg	Ind	Lied	er	0
http://blog.orzydorf.de/category/pfarrer_topits/page/3	30839c6a3ff535a85d915e37f94d3c16e611	454	Meiner Meinung nach eignet sich für diesen Sonntag gut das " Hochgebet von der Versöhnung . "	Liedvorschläge	: 642,1 - 3 ; 831,1 ; 119,1 ; 530,1 ; 644 ; 834,1 ; 835,1 ; 917 ; Nach kurzer Stille 916 zum Dankgesang . Anschließend Auszug zum Kriegergedenken .	Pl	Ind	Lied	er	0
http://www.mittelpfalz.de/neidenfels/2009/mgv02/index.htm	eac540ed0727e2944783b808c37f999cb0d6	14	Mit ihrem Gequake hatten die Männer des MGV Frohsinn Lindenberg bei der " Hochzeit der Frösche " die Lacher auf ihrer Seite und krönten damit ihren Gesamtvortrag . Den schwierigsten Part hatten allerdings an diesem Abend die Sänger des Männerchor Neidenfels zu absolvieren : Den ersten	Liedvortrag	in englischer Sprache . Damit sie sich noch einmal " stärken " konnten , hatte Karl Wirtz ( Vorsitzender des Vereins ) die Überraschung des Abends vor diesen Auftritt gelegt .	Sg	Ind	Lied	er	0
http://www.gv-concordia.de/Berichte.htm	7bd25b69e4430a95303fbb9dded25429df55	221	Bei diesem Wettbewerb wurde nach einem neuen und noch nicht so bekannten Wertungssystem beurteilt . Es wurden hervorragende	Liedvorträge	zu Gehör gebracht , die durchweg vom hohen Standart der Sangeskunst zeugten . Der Wettbewerb war von der 1. Schriftführerin der Concordia Heike Leander hervorragend organisiert , die auch den ganzen Tag als Beisitzerin der Wertungsrichter fungierte .	Pl	Ind	Lied	er	0
http://www.leopoldshoehe.de/Themen/veranstaltungen-4	09cd369730713ef99a3212a7b1280e77b429	43	Kirche Leopoldshöhe Veranstalter : Ev .- ref . Kirchengemeinde Leopoldshöhe Am 3. Advent kommen noch einmal die Freunde des Chorgesangs auf ihre Kosten : die Leopoldshöher Chöre laden zum traditionellen Gemeinschaftskonzert in die evangelisch-reformierte Kirche in Leopoldshöhe ein und werden ihre Zuhörerinnen und Zuhörer mit ihren	Liedvorträgen	sicher wieder in weihnachtliche Stimmung versetzen . Besinnliche Weihnacht Kategorie : Feiertagsveranstaltungen Datum : 15.12.2011 , 16:00 Uhr Ort : Feuerwache Leopoldshöhe , Schuckenteichweg 1 Veranstalter : Freiwillige Feuerwehr Leopoldshöhe Weihnachstfeier des SoVD - OV Leopoldshöhe Kategorie : Sonstiges Datum : 16.12.2011 , 15:00 Uhr Ort : Gaststätte " Evenhauser Krug " , Evenhausen 31 Veranstalter : SoVD e. V. Ortsverband Leopoldshöhe 4. Advent Gottesdienst Kategorie : Kirchenveranstaltungen Datum : 18.12.2011 , 09:45 Uhr Ort : Ev .- ref .	Pl	Ind	Lied	er	0
http://www.alternobis.de/fdkalender/rezensionen/rez_890922_berlin.htm	ab8a3c868df3a5c7be3893fac1bdb56dfd75	8	Aber es scheint eben doch nicht so einfach , zwei einander künstlerisch ebenbürtige Solisten unter das gemeinsame leichte ( wenn interpretatorisch auch herzlich schwere ) Joch des Duettierens zu zwingen . Ein anderer Grund für die Seltenheit des gemeinsamen	Liedvortrags	im Duett liegt wohl auch daran , daß es an einem Repertoire mangelt , das für den Konzertvortrag taugt . Die meisten Duette waren nun einmal für den Eigengebrauch , den geselligen Vortrag in der Bürgerstube des Musizierens gedacht .	Sg	Ind	Lied	er	0
http://www.lettre.de/archiv/91-Wimmer.html	e0d0288665a6314f056b1c12ba10739f3371	12	Ein denkwürdiges Datum ist der 19. August 1927 , an dem zwei junge Komponisten in Mexiko-Stadt die Musikgeschichte revolutionierten . An diesem Tag fiebern die Gäste im piekfeinen Teatro Lírico in der Altstadt dem	Liedwettbewerb	La Feria de la Canción entgegen . In der Jury sitzen alte Hasen der Tonkunst und Anhänger einer Ästhetik , die sich seit dem vergangenen Jahrhundert kaum weiterentwickelt hat : Man liebt pastoralen Schwulst , kitschige Kunstlieder , Arien , Fandangos oder nationalistisches Trara .	Sg	Ind	Lied	er	0
http://www.sounds2move.de/Plattenkritiken/ohrenfeindt_rnr_sexgott.htm	afab5025df2dbe37fc86a385f719515f1c58	5	Chris Laut , seines Zeichens Sänger und Bassist der Hamburger Formation Ohrendfeindt , kommt stimmlich wirklich sehr nahe an Brian Johnson heran . Auch er presst seine Stimme sehr halslastig ins Mikro und so wird die eine oder andere	Liedzeile	auch einfach nur geschrieen . Ohrendfeindt sind Rock ' n Roll der harten Sorte , dreckig , ehrlich , laut , hier dominiert die Gitarre das musikalische Geschehen und so soll es auch sein , prasseln doch massig harte Riffs in die Ohren des geneigten Zuhörers , so dass die Drums leider hier und da einfach in den Hintergrund geraten .	Sg	Ind	Lied	er	0
http://www.ccmtexte.de/rezis/cds/h/ahutchison-christmas.htm	ec826fd1264265182f4656b6037a8b2eb0f2	15	Zudem seien sie abwechslungsreich und spannend fürs Publikum . Wer genau hinhört , erkennt , dass sich die ausgewählten	Liedzeilen	geschickt zu einer Geschichte zusammenfügen . In der Abfolge von " O Come , O Come , Emmanuel " , " Coventry Carol " und " What Child Is This ?	Pl	Ind	Lied	er	0
http://www.ks-gasteig.de/kuenstleragentur/kuenstler/kammermusik/home.htm	31e77f0bf33b6af6c7a93200353c2f834b6d	3	In erster Linie sind dies Auftritte der von uns exklusiv vertretenen Künstler , die neben ihren Engagements mit großen Orchestern auch im kleinen Kreis musizieren möchten . So vermitteln wir immer wieder Auftritte in den großen europäischen	Liedzentren	, zahlreichen Konzertorten sowie im Rahmen bedeutender Festivals . Wir freuen uns , Ihnen aktuell folgende Kammermusik-Projekte mit unseren Künstlern anbieten zu können : Festival-Tournee mit Julia Fischer ( Violine ) , Augustin Hadelich ( Violine ) Württembergisches Kammerorchester Heilbronn / Ruben Gazarian Termine : 19. und 27. Juli 2014 und weitere Termine nach Absprache Programmvorschlag : G. F. Händel : Concerto grosso J.S. Bach : Konzert für 2 Violinen und Streichorchester BWV 1043 Das Ensemble " Schubertvokal " mit Sibylla Rubens , Silke Schwarz ( Sopran ) Ingeborg Danz , Regina Jacobi ( Alt ) Markus Schäfer , Marcus Ullmann ( Tenor ) Markus Flaig , Klaus Häger ( Bariton ) Ulrich Eisenlohr ( Piano ) Sämtliche Mehrstimmige Schubert Gesänge mit Klavier Termine nach Absprache Juliane Banse ( Sopran ) , Martin Helmchen ( Klavier ) Termine nach Absprache Programm nach Absprache Claudio Bohórquez ( Violoncello ) und Katia Skanavi ( Klavier ) Termine nach Absprache Programmvorschlag : Ludwig van Beethoven : Sonata op 102 Nr. 1 Robert Schumann : 5 Stücke im Volkston op 102 Robert Schumann : Fantasiestücke op 73 ***Pause*** Robert Schumann : Adagio & Allegro op 70 Dmitri Schostakowitsch : Sonata ( 1934 ) Claudio Bohórquez ( Violoncello ) und Oscar Bohórquez ( Violine ) Termine nach Absprache Programmvorschlag Johann Sebastian Bach : Die Kunst der Fuge BWV 1080 für Violine und Violoncello Astor Piazzolla : Tango Etudes 1. - 6. für Violine und Violoncello ***Pause*** Zoltan Kodaly : Duo für Violine und Violoncello Op 7 Daishin Kashimoto ( Violine ) , Oskar Bohórquez ( Violine ) , Antoine Tamestit ( Viola ) , Claudio Bohórquez ( Violoncello ) und Kiril Gerstein ( Klavier ) Termine nach Absprache Programmvorschlag : J.S. Bach : Englische Suite Nr. 2 a-moll BWV 807 Dimitrij Schostakowitsch : Streichquartett Nr. 8 c-moll op .110 ***Pause*** Johannes Brahms : Klavierquintettt f-moll op .34 Stella Doufexis ( Mezzosopran ) und Urs Liska ( Klavier ) Termine nach Absprache Programmvorschlag : Arnold Schönberg : Zwei Lieder op 14 Anton Webern : Fünf Lieder op .	Pl	Ind	Lied	er	0
http://www.fussball-pur.de/forum/archive/3786/2/thread.html	e957f4830ecb0d81181f079fcbb3434cf4b6	61	Bei uns wurde es mit Megaphon versucht , aber die Leute wurden ausm Block geworfen . Da kann man j auch gleich	Liedzettel	verteilen . Gegen Bayern beispielsweise hatten wir keinen Einpeitscher = > absolut sensationelle Stimmung , gegen Ende kam der Einpeitscher doch auf den Zaun ( ohne Hilfsmittel wie Megaphon etc. ) = > die Stimmung wurde nochmal deutlich besser !	Pl	Ind	Lied	er	0
http://www.musenblaetter.de/artikel.php?aid=2558%26suche=isma	c17a93886b165970eaf561d65494eb3fc14e	4	Ihre Ausbildung ergänzte sie durch zahlreiche Meisterkurse im In - und Ausland bei großen Pädagogen und Sängern , u.a. bei Kammersänger Prof. Kurt Moll oder Prof. Dunja Vejzovic . Silke Hartstangs umfangreiches Solo - und Duett-Liedrepertoire umfasst zahlreiche Kompositionen und	Liedzyklen	verschiedener Epochen , die sie teils mit Orchesterbegleitung aufführte . U.a. konzertierte sie mit dem Hofgartenorchester Bonn den Liederzyklus " Sea pictures " von Edvard Elgar .	Sg	Coll	Lied	er	0
http://www.sonus-alte-musik.de	94a00f38d6418b46a06450974934a9e0a009	74	Zu hören sind Werke aus der Zeit des 30jährigen Krieges , sowie Kompositionen , die zur Feier des Westfälischen Friedens 1648 entstanden . NOVEMBER 2010 Schwanengesänge Schuberts posthum zusammengestelltem	Liedzyklus	D 957 , betitelt Schwanengesang haben Bassbariton Dominik Wörner und sein Begleiter Christoph Hammer ( Hammerklavier ) nun auf einer wunderbaren neuen CD herausgebracht . - Natürlich nicht nur in bewährt expressiver , dabei aber sehr natürlicher Manier , sondern auch in konsequent historisch-kritischer Herangehensweise .	Sg	Coll	Lied	er	0
